Name,Accuracy testing (%),Accuracy predict (%),Time predict (s),Size (MB)
ResNet18,97.32142857142857,99.88189339637756,0.17811627175001377,42
